acb_cuenta_bancaria_cnt_id;codigo_tipo_alcance;codigo_inciso_alcance;codigo_ue_alcance;acb_version;acb_crea_fecha;acb_ultmod_fecha
27522;7;;;0;29/07/2014 10:28;29/07/2014 10:28
8958;1;;;0;02/06/2013 20:27;02/06/2013 20:27
8964;1;;;0;02/06/2013 20:27;02/06/2013 20:27
9679;1;;;0;02/06/2013 20:28;02/06/2013 20:28
12514;1;;;0;02/06/2013 20:40;02/06/2013 20:40
13517;1;;;0;02/06/2013 20:48;02/06/2013 20:48
13519;1;;;0;02/06/2013 20:48;02/06/2013 20:48
13520;1;;;0;02/06/2013 20:48;02/06/2013 20:48
15154;1;;;0;02/06/2013 21:03;02/06/2013 21:03
15646;1;;;0;02/06/2013 21:09;02/06/2013 21:09
15851;1;;;0;02/06/2013 21:12;02/06/2013 21:12
15853;1;;;0;02/06/2013 21:12;02/06/2013 21:12
15855;1;;;0;02/06/2013 21:12;02/06/2013 21:12
15905;1;;;0;02/06/2013 21:13;02/06/2013 21:13
15930;1;;;0;02/06/2013 21:13;02/06/2013 21:13
16158;1;;;0;02/06/2013 21:16;02/06/2013 21:16
16195;1;;;0;02/06/2013 21:16;02/06/2013 21:16
16325;1;;;0;02/06/2013 21:19;02/06/2013 21:19
16522;1;;;0;02/06/2013 21:21;02/06/2013 21:21
16541;1;;;0;02/06/2013 21:21;02/06/2013 21:21
16600;1;;;0;02/06/2013 21:22;02/06/2013 21:22
16684;1;;;0;02/06/2013 21:23;02/06/2013 21:23
16802;1;;;0;02/06/2013 21:25;02/06/2013 21:25
16807;1;;;0;02/06/2013 21:25;02/06/2013 21:25
16902;1;;;0;02/06/2013 21:26;02/06/2013 21:26
17069;1;;;0;02/06/2013 21:28;02/06/2013 21:28
17130;1;;;0;02/06/2013 21:30;02/06/2013 21:30
17236;1;;;0;02/06/2013 21:33;02/06/2013 21:33
17376;1;;;0;02/06/2013 21:35;02/06/2013 21:35
17564;1;;;0;02/06/2013 21:38;02/06/2013 21:38
17735;1;;;0;02/06/2013 21:40;02/06/2013 21:40
17795;1;;;0;02/06/2013 21:41;02/06/2013 21:41
17934;1;;;0;02/06/2013 21:46;02/06/2013 21:46
18145;1;;;0;02/06/2013 21:49;02/06/2013 21:49
18259;1;;;0;02/06/2013 21:51;02/06/2013 21:51
18584;1;;;0;02/06/2013 21:57;02/06/2013 21:57
18655;1;;;0;02/06/2013 21:59;02/06/2013 21:59
18661;1;;;0;02/06/2013 21:59;02/06/2013 21:59
18672;1;;;0;02/06/2013 21:59;02/06/2013 21:59
18730;1;;;0;02/06/2013 22:00;02/06/2013 22:00
18731;1;;;0;02/06/2013 22:00;02/06/2013 22:00
19004;1;;;0;02/06/2013 22:06;02/06/2013 22:06
19127;1;;;0;02/06/2013 22:08;02/06/2013 22:08
19135;1;;;0;02/06/2013 22:08;02/06/2013 22:08
19145;1;;;0;02/06/2013 22:08;02/06/2013 22:08
19565;1;;;0;02/06/2013 22:17;02/06/2013 22:17
19624;1;;;0;02/06/2013 22:18;02/06/2013 22:18
19894;1;;;0;02/06/2013 22:23;02/06/2013 22:23
19898;1;;;0;02/06/2013 22:23;02/06/2013 22:23
19920;1;;;0;02/06/2013 22:24;02/06/2013 22:24
20018;1;;;0;02/06/2013 22:26;02/06/2013 22:26
20288;1;;;0;02/06/2013 22:31;02/06/2013 22:31
20418;1;;;0;02/06/2013 22:35;02/06/2013 22:35
20461;1;;;0;02/06/2013 22:36;02/06/2013 22:36
20493;1;;;0;02/06/2013 22:37;02/06/2013 22:37
20557;1;;;0;02/06/2013 22:38;02/06/2013 22:38
20751;1;;;0;02/06/2013 22:42;02/06/2013 22:42
20788;1;;;0;02/06/2013 22:43;02/06/2013 22:43
20858;1;;;0;02/06/2013 22:45;02/06/2013 22:45
21199;1;;;0;02/06/2013 22:54;02/06/2013 22:54
21257;1;;;0;02/06/2013 22:55;02/06/2013 22:55
21447;1;;;0;02/06/2013 22:59;02/06/2013 22:59
21448;1;;;0;02/06/2013 22:59;02/06/2013 22:59
21449;1;;;0;02/06/2013 22:59;02/06/2013 22:59
21586;1;;;0;02/06/2013 23:03;02/06/2013 23:03
21749;1;;;0;02/06/2013 23:08;02/06/2013 23:08
21934;1;;;0;02/06/2013 23:12;02/06/2013 23:12
22414;1;;;0;02/06/2013 23:24;02/06/2013 23:24
22478;1;;;0;02/06/2013 23:26;02/06/2013 23:26
22636;1;;;0;02/06/2013 23:30;02/06/2013 23:30
22941;1;;;0;02/06/2013 23:39;02/06/2013 23:39
23254;1;;;0;02/06/2013 23:49;02/06/2013 23:49
23374;1;;;0;02/06/2013 23:52;02/06/2013 23:52
23752;1;;;0;03/06/2013 00:04;03/06/2013 00:04
24041;1;;;0;03/06/2013 00:12;03/06/2013 00:12
24164;1;;;0;03/06/2013 00:17;03/06/2013 00:17
24866;1;;;0;03/06/2013 00:38;03/06/2013 00:38
25414;1;;;0;03/06/2013 00:57;03/06/2013 00:57
25556;1;;;0;03/06/2013 01:01;03/06/2013 01:01
25570;1;;;0;03/06/2013 01:02;03/06/2013 01:02
26811;1;;;0;03/06/2013 11:55;03/06/2013 11:55
26817;1;;;0;03/06/2013 11:56;03/06/2013 11:56
27059;7;;;0;06/06/2013 18:06;06/06/2013 18:06
27061;7;;;0;07/06/2013 14:41;07/06/2013 14:41
27062;7;;;0;10/06/2013 17:38;10/06/2013 17:38
27063;7;;;0;10/06/2013 17:40;10/06/2013 17:40
27064;7;;;0;10/06/2013 20:10;10/06/2013 20:10
27066;7;;;0;11/06/2013 13:33;11/06/2013 13:33
27067;4;;;0;11/06/2013 18:30;11/06/2013 18:30
27069;7;;;0;11/06/2013 18:41;11/06/2013 18:41
27071;1;;;0;13/06/2013 10:54;13/06/2013 10:54
27074;7;;;0;13/06/2013 12:49;13/06/2013 12:49
27075;1;;;0;20/06/2013 11:49;20/06/2013 11:49
27076;2;;;0;20/06/2013 11:55;20/06/2013 11:55
27076;5;28;;0;20/06/2013 11:55;20/06/2013 11:55
27076;5;52;;0;20/06/2013 11:55;20/06/2013 11:55
27076;5;64;;0;20/06/2013 11:55;20/06/2013 11:55
27078;7;;;0;24/06/2013 13:22;24/06/2013 13:22
27079;7;;;0;24/06/2013 13:24;24/06/2013 13:24
27080;7;;;0;24/06/2013 13:24;24/06/2013 13:24
27081;1;;;0;24/06/2013 18:55;24/06/2013 18:55
27082;7;;;0;25/06/2013 18:15;25/06/2013 18:15
27088;5;80;;0;26/06/2013 14:58;26/06/2013 14:58
27086;1;;;0;26/06/2013 15:38;26/06/2013 15:38
27086;5;28;;0;26/06/2013 15:38;26/06/2013 15:38
27087;7;;;0;26/06/2013 16:49;26/06/2013 16:49
27091;7;;;0;27/06/2013 12:14;27/06/2013 12:14
27092;5;80;;0;27/06/2013 12:16;27/06/2013 12:16
27092;5;81;;0;27/06/2013 12:16;27/06/2013 12:16
27089;1;;;0;27/06/2013 12:18;27/06/2013 12:18
27089;2;;;0;27/06/2013 12:18;27/06/2013 12:18
27097;7;;;0;01/07/2013 13:47;01/07/2013 13:47
27098;1;;;0;01/07/2013 14:03;01/07/2013 14:03
27098;2;;;0;01/07/2013 14:03;01/07/2013 14:03
27098;3;;;0;01/07/2013 14:03;01/07/2013 14:03
27099;7;;;0;01/07/2013 14:39;01/07/2013 14:39
27100;3;;;0;01/07/2013 14:42;01/07/2013 14:42
27101;7;;;0;01/07/2013 18:36;01/07/2013 18:36
27070;1;;;0;02/07/2013 12:14;02/07/2013 12:14
27070;5;81;;0;02/07/2013 12:14;02/07/2013 12:14
27070;5;84;;0;02/07/2013 12:14;02/07/2013 12:14
27070;5;85;;0;02/07/2013 12:14;02/07/2013 12:14
27070;5;93;;0;02/07/2013 12:14;02/07/2013 12:14
27102;7;;;0;03/07/2013 17:17;03/07/2013 17:17
27104;1;;;0;04/07/2013 11:47;04/07/2013 11:47
27104;4;;;0;04/07/2013 11:47;04/07/2013 11:47
27105;7;;;0;04/07/2013 11:49;04/07/2013 11:49
27106;7;;;0;04/07/2013 17:21;04/07/2013 17:21
27107;2;;;0;04/07/2013 17:39;04/07/2013 17:39
27107;4;;;0;04/07/2013 17:39;04/07/2013 17:39
27108;1;;;0;04/07/2013 17:41;04/07/2013 17:41
27108;3;;;0;04/07/2013 17:41;04/07/2013 17:41
27108;4;;;0;04/07/2013 17:41;04/07/2013 17:41
27109;7;;;0;04/07/2013 17:43;04/07/2013 17:43
27110;1;;;0;08/07/2013 14:07;08/07/2013 14:07
27110;4;;;0;08/07/2013 14:07;08/07/2013 14:07
27111;7;;;0;08/07/2013 14:08;08/07/2013 14:08
27112;3;;;0;08/07/2013 14:17;08/07/2013 14:17
27112;4;;;0;08/07/2013 14:17;08/07/2013 14:17
27115;1;;;0;08/07/2013 16:46;08/07/2013 16:46
27115;2;;;0;08/07/2013 16:46;08/07/2013 16:46
27116;2;;;0;08/07/2013 16:47;08/07/2013 16:47
27116;4;;;0;08/07/2013 16:47;08/07/2013 16:47
27117;7;;;0;09/07/2013 20:56;09/07/2013 20:56
27121;7;;;0;10/07/2013 13:11;10/07/2013 13:11
27122;7;;;0;10/07/2013 16:59;10/07/2013 16:59
27123;7;;;0;10/07/2013 17:02;10/07/2013 17:02
27124;7;;;0;11/07/2013 12:33;11/07/2013 12:33
27125;7;;;0;11/07/2013 13:23;11/07/2013 13:23
27126;7;;;0;11/07/2013 13:24;11/07/2013 13:24
27127;7;;;0;11/07/2013 13:27;11/07/2013 13:27
27128;7;;;0;11/07/2013 13:27;11/07/2013 13:27
27129;7;;;0;11/07/2013 13:28;11/07/2013 13:28
27132;7;;;0;11/07/2013 15:33;11/07/2013 15:33
27133;7;;;0;11/07/2013 15:36;11/07/2013 15:36
27134;7;;;0;11/07/2013 15:38;11/07/2013 15:38
27135;7;;;0;11/07/2013 15:38;11/07/2013 15:38
27136;7;;;0;12/07/2013 12:31;12/07/2013 12:31
27137;7;;;0;12/07/2013 12:32;12/07/2013 12:32
27140;7;;;0;12/07/2013 12:37;12/07/2013 12:37
27152;1;;;0;19/07/2013 12:00;19/07/2013 12:00
27152;4;;;0;19/07/2013 12:00;19/07/2013 12:00
27153;7;;;0;19/07/2013 15:48;19/07/2013 15:48
27154;7;;;0;19/07/2013 15:48;19/07/2013 15:48
27155;7;;;0;19/07/2013 15:49;19/07/2013 15:49
27157;1;;;0;19/07/2013 16:12;19/07/2013 16:12
27160;7;;;0;19/07/2013 16:40;19/07/2013 16:40
27163;1;;;0;22/07/2013 14:14;22/07/2013 14:14
27167;1;;;0;22/07/2013 15:21;22/07/2013 15:21
27171;7;;;0;23/07/2013 00:31;23/07/2013 00:31
27172;4;;;0;23/07/2013 11:24;23/07/2013 11:24
27175;1;;;0;23/07/2013 11:27;23/07/2013 11:27
27175;2;;;0;23/07/2013 11:27;23/07/2013 11:27
27176;3;;;0;23/07/2013 11:28;23/07/2013 11:28
27178;7;;;0;23/07/2013 11:42;23/07/2013 11:42
27179;1;;;0;23/07/2013 11:56;23/07/2013 11:56
27179;2;;;0;23/07/2013 11:56;23/07/2013 11:56
27180;7;;;0;23/07/2013 11:57;23/07/2013 11:57
27182;7;;;0;25/07/2013 16:08;25/07/2013 16:08
27183;7;;;0;25/07/2013 16:09;25/07/2013 16:09
27185;7;;;0;25/07/2013 16:24;25/07/2013 16:24
27187;7;;;0;30/07/2013 10:23;30/07/2013 10:23
27192;7;;;0;04/08/2013 21:01;04/08/2013 21:01
27195;7;;;0;05/08/2013 13:08;05/08/2013 13:08
27197;7;;;0;05/08/2013 14:10;05/08/2013 14:10
27202;1;;;0;05/08/2013 16:55;05/08/2013 16:55
27202;2;;;0;05/08/2013 16:55;05/08/2013 16:55
27200;7;;;0;05/08/2013 16:55;05/08/2013 16:55
27199;1;;;0;05/08/2013 16:55;05/08/2013 16:55
27199;2;;;0;05/08/2013 16:55;05/08/2013 16:55
27203;7;;;0;05/08/2013 16:55;05/08/2013 16:55
27204;3;;;0;05/08/2013 16:55;05/08/2013 16:55
27198;1;;;0;05/08/2013 16:55;05/08/2013 16:55
27198;2;;;0;05/08/2013 16:55;05/08/2013 16:55
27201;1;;;0;05/08/2013 16:55;05/08/2013 16:55
27205;1;;;0;05/08/2013 16:55;05/08/2013 16:55
27205;2;;;0;05/08/2013 16:55;05/08/2013 16:55
27205;3;;;0;05/08/2013 16:55;05/08/2013 16:55
27205;4;;;0;05/08/2013 16:55;05/08/2013 16:55
27209;5;52;;0;07/08/2013 09:58;07/08/2013 09:58
27209;5;53;;0;07/08/2013 09:58;07/08/2013 09:58
27209;5;65;;0;07/08/2013 09:58;07/08/2013 09:58
27209;5;67;;0;07/08/2013 09:58;07/08/2013 09:58
27209;4;;;0;07/08/2013 09:58;07/08/2013 09:58
27211;7;;;0;07/08/2013 11:16;07/08/2013 11:16
27212;7;;;0;07/08/2013 11:17;07/08/2013 11:17
27216;7;;;0;07/08/2013 16:47;07/08/2013 16:47
27217;4;;;0;07/08/2013 16:47;07/08/2013 16:47
27218;2;;;0;07/08/2013 16:47;07/08/2013 16:47
27219;4;;;0;07/08/2013 16:48;07/08/2013 16:48
27220;4;;;0;07/08/2013 16:48;07/08/2013 16:48
27229;7;;;0;08/08/2013 15:09;08/08/2013 15:09
27230;7;;;0;08/08/2013 15:10;08/08/2013 15:10
27231;7;;;0;08/08/2013 15:11;08/08/2013 15:11
27232;7;;;0;08/08/2013 15:12;08/08/2013 15:12
27233;7;;;0;08/08/2013 15:13;08/08/2013 15:13
27234;2;;;0;08/08/2013 15:16;08/08/2013 15:16
27235;1;;;0;08/08/2013 15:17;08/08/2013 15:17
27236;7;;;0;08/08/2013 15:19;08/08/2013 15:19
27238;7;;;0;08/08/2013 16:51;08/08/2013 16:51
27247;7;;;0;09/08/2013 16:45;09/08/2013 16:45
27243;4;;;0;09/08/2013 16:46;09/08/2013 16:46
27245;4;;;0;09/08/2013 16:46;09/08/2013 16:46
27244;4;;;0;09/08/2013 16:46;09/08/2013 16:46
27241;5;62;;0;09/08/2013 16:47;09/08/2013 16:47
27246;4;;;0;09/08/2013 16:47;09/08/2013 16:47
27249;3;;;0;09/08/2013 16:48;09/08/2013 16:48
27248;5;95;;0;09/08/2013 16:49;09/08/2013 16:49
27251;7;;;0;09/08/2013 16:51;09/08/2013 16:51
27252;7;;;0;09/08/2013 16:53;09/08/2013 16:53
27255;2;;;0;12/08/2013 09:59;12/08/2013 09:59
27255;5;83;;0;12/08/2013 09:59;12/08/2013 09:59
27255;5;86;;0;12/08/2013 09:59;12/08/2013 09:59
27255;5;89;;0;12/08/2013 09:59;12/08/2013 09:59
27255;5;93;;0;12/08/2013 09:59;12/08/2013 09:59
27255;5;94;;0;12/08/2013 09:59;12/08/2013 09:59
27256;1;;;0;12/08/2013 15:18;12/08/2013 15:18
27256;2;;;0;12/08/2013 15:18;12/08/2013 15:18
27256;5;25;;0;12/08/2013 15:18;12/08/2013 15:18
27256;5;26;;0;12/08/2013 15:18;12/08/2013 15:18
27256;5;80;;0;12/08/2013 15:18;12/08/2013 15:18
27256;5;81;;0;12/08/2013 15:18;12/08/2013 15:18
27256;5;82;;0;12/08/2013 15:18;12/08/2013 15:18
27260;7;;;0;12/08/2013 16:50;12/08/2013 16:50
27259;3;;;0;12/08/2013 16:52;12/08/2013 16:52
27265;4;;;0;12/08/2013 16:52;12/08/2013 16:52
27263;4;;;0;12/08/2013 16:52;12/08/2013 16:52
27258;7;;;0;12/08/2013 16:52;12/08/2013 16:52
27257;4;;;0;12/08/2013 16:53;12/08/2013 16:53
27262;7;;;0;12/08/2013 16:53;12/08/2013 16:53
27261;7;;;0;12/08/2013 16:53;12/08/2013 16:53
27267;7;;;0;12/08/2013 17:15;12/08/2013 17:15
27268;2;;;0;12/08/2013 17:19;12/08/2013 17:19
27268;3;;;0;12/08/2013 17:19;12/08/2013 17:19
27269;7;;;0;12/08/2013 17:28;12/08/2013 17:28
27273;1;;;0;13/08/2013 21:32;13/08/2013 21:32
27273;2;;;0;13/08/2013 21:32;13/08/2013 21:32
27272;3;;;0;13/08/2013 21:32;13/08/2013 21:32
27274;7;;;0;13/08/2013 21:47;13/08/2013 21:47
27275;7;;;0;13/08/2013 21:59;13/08/2013 21:59
27276;7;;;0;13/08/2013 22:14;13/08/2013 22:14
27277;1;;;0;13/08/2013 22:26;13/08/2013 22:26
27278;7;;;0;13/08/2013 22:37;13/08/2013 22:37
27279;3;;;0;13/08/2013 22:51;13/08/2013 22:51
27280;7;;;0;13/08/2013 23:05;13/08/2013 23:05
27283;7;;;0;13/08/2013 23:51;13/08/2013 23:51
27286;7;;;0;14/08/2013 08:16;14/08/2013 08:16
27291;4;;;0;14/08/2013 16:15;14/08/2013 16:15
27290;4;;;0;14/08/2013 16:15;14/08/2013 16:15
27288;4;;;0;14/08/2013 16:15;14/08/2013 16:15
27293;5;53;;0;14/08/2013 16:15;14/08/2013 16:15
27287;4;;;0;14/08/2013 16:15;14/08/2013 16:15
27296;7;;;0;14/08/2013 16:16;14/08/2013 16:16
27295;5;98;;0;14/08/2013 16:16;14/08/2013 16:16
27294;4;;;0;14/08/2013 16:17;14/08/2013 16:17
27298;2;;;0;14/08/2013 16:48;14/08/2013 16:48
27301;1;;;0;14/08/2013 16:48;14/08/2013 16:48
27303;7;;;0;15/08/2013 12:50;15/08/2013 12:50
27304;3;;;0;15/08/2013 14:27;15/08/2013 14:27
27305;7;;;0;16/08/2013 11:24;16/08/2013 11:24
27308;2;;;0;16/08/2013 16:27;16/08/2013 16:27
27309;2;;;0;16/08/2013 16:28;16/08/2013 16:28
27314;7;;;0;18/08/2013 00:34;18/08/2013 00:34
27315;7;;;0;18/08/2013 00:50;18/08/2013 00:50
27316;7;;;0;18/08/2013 01:39;18/08/2013 01:39
27318;7;;;0;18/08/2013 19:11;18/08/2013 19:11
27319;7;;;0;18/08/2013 19:23;18/08/2013 19:23
27320;7;;;0;18/08/2013 19:35;18/08/2013 19:35
27321;7;;;0;18/08/2013 19:46;18/08/2013 19:46
27322;7;;;0;18/08/2013 19:57;18/08/2013 19:57
27323;7;;;0;18/08/2013 20:08;18/08/2013 20:08
27324;7;;;0;18/08/2013 20:22;18/08/2013 20:22
27325;7;;;0;18/08/2013 20:36;18/08/2013 20:36
27326;7;;;0;19/08/2013 11:13;19/08/2013 11:13
27327;4;;;0;19/08/2013 11:24;19/08/2013 11:24
27328;4;;;0;19/08/2013 11:24;19/08/2013 11:24
27329;4;;;0;19/08/2013 11:24;19/08/2013 11:24
27331;3;;;0;19/08/2013 11:24;19/08/2013 11:24
27334;4;;;0;19/08/2013 11:24;19/08/2013 11:24
27330;4;;;0;19/08/2013 11:24;19/08/2013 11:24
27333;7;;;0;19/08/2013 11:25;19/08/2013 11:25
27332;4;;;0;19/08/2013 11:25;19/08/2013 11:25
27335;7;;;0;19/08/2013 11:26;19/08/2013 11:26
27337;7;;;0;19/08/2013 11:28;19/08/2013 11:28
27338;7;;;0;19/08/2013 11:37;19/08/2013 11:37
27339;7;;;0;19/08/2013 11:41;19/08/2013 11:41
27345;7;;;0;20/08/2013 16:43;20/08/2013 16:43
27346;7;;;0;20/08/2013 16:46;20/08/2013 16:46
27347;7;;;0;20/08/2013 16:51;20/08/2013 16:51
27348;7;;;0;20/08/2013 16:57;20/08/2013 16:57
27356;7;;;0;21/08/2013 16:47;21/08/2013 16:47
27357;7;;;0;21/08/2013 16:47;21/08/2013 16:47
27358;7;;;0;21/08/2013 16:55;21/08/2013 16:55
27359;7;;;0;21/08/2013 16:59;21/08/2013 16:59
27360;7;;;0;21/08/2013 17:01;21/08/2013 17:01
27362;7;;;0;21/08/2013 17:13;21/08/2013 17:13
27363;4;;;0;21/08/2013 17:13;21/08/2013 17:13
27368;2;;;0;23/08/2013 10:21;23/08/2013 10:21
27368;4;;;0;23/08/2013 10:21;23/08/2013 10:21
27369;7;;;0;23/08/2013 11:32;23/08/2013 11:32
27370;7;;;0;23/08/2013 11:33;23/08/2013 11:33
27371;7;;;0;23/08/2013 11:34;23/08/2013 11:34
27372;7;;;0;23/08/2013 11:38;23/08/2013 11:38
27373;7;;;0;23/08/2013 11:38;23/08/2013 11:38
27377;2;;;0;23/08/2013 16:51;23/08/2013 16:51
27386;5;25;;0;26/08/2013 09:44;26/08/2013 09:44
27387;7;;;0;26/08/2013 11:22;26/08/2013 11:22
27391;7;;;0;26/08/2013 11:23;26/08/2013 11:23
27389;3;;;0;26/08/2013 11:24;26/08/2013 11:24
27390;7;;;0;26/08/2013 11:24;26/08/2013 11:24
27393;7;;;0;26/08/2013 11:24;26/08/2013 11:24
27395;7;;;0;26/08/2013 11:25;26/08/2013 11:25
27392;4;;;0;26/08/2013 11:25;26/08/2013 11:25
27388;5;29;;0;26/08/2013 11:25;26/08/2013 11:25
27388;5;67;;0;26/08/2013 11:25;26/08/2013 11:25
27388;5;85;;0;26/08/2013 11:25;26/08/2013 11:25
27388;5;92;;0;26/08/2013 11:25;26/08/2013 11:25
27396;7;;;0;26/08/2013 11:33;26/08/2013 11:33
27397;7;;;0;26/08/2013 11:36;26/08/2013 11:36
27398;7;;;0;26/08/2013 11:39;26/08/2013 11:39
27400;7;;;0;26/08/2013 11:41;26/08/2013 11:41
27404;7;;;0;26/08/2013 15:17;26/08/2013 15:17
27405;1;;;0;26/08/2013 15:22;26/08/2013 15:22
27405;5;51;;0;26/08/2013 15:22;26/08/2013 15:22
27405;5;52;;0;26/08/2013 15:22;26/08/2013 15:22
27405;5;53;;0;26/08/2013 15:22;26/08/2013 15:22
27405;5;61;;0;26/08/2013 15:22;26/08/2013 15:22
27407;5;61;;0;27/08/2013 09:47;27/08/2013 09:47
27408;7;;;0;27/08/2013 11:36;27/08/2013 11:36
27410;7;;;0;27/08/2013 11:36;27/08/2013 11:36
27409;7;;;0;27/08/2013 11:37;27/08/2013 11:37
27411;7;;;0;27/08/2013 11:39;27/08/2013 11:39
27412;7;;;0;27/08/2013 11:39;27/08/2013 11:39
27413;7;;;0;27/08/2013 11:40;27/08/2013 11:40
27414;7;;;0;27/08/2013 11:47;27/08/2013 11:47
27415;7;;;0;27/08/2013 11:48;27/08/2013 11:48
27416;1;;;0;28/08/2013 14:55;28/08/2013 14:55
27416;5;70;;0;28/08/2013 14:55;28/08/2013 14:55
27418;7;;;0;28/08/2013 16:57;28/08/2013 16:57
27419;7;;;0;28/08/2013 17:00;28/08/2013 17:00
27420;7;;;0;28/08/2013 17:01;28/08/2013 17:01
27422;7;;;0;28/08/2013 17:02;28/08/2013 17:02
27423;7;;;0;28/08/2013 17:05;28/08/2013 17:05
27424;7;;;0;28/08/2013 17:05;28/08/2013 17:05
27417;5;29;;0;28/08/2013 17:07;28/08/2013 17:07
27417;5;70;;0;28/08/2013 17:07;28/08/2013 17:07
27425;7;;;0;28/08/2013 17:09;28/08/2013 17:09
27430;2;;;0;28/08/2013 17:11;28/08/2013 17:11
27437;5;80;;0;30/08/2013 10:07;30/08/2013 10:07
27437;5;81;;0;30/08/2013 10:07;30/08/2013 10:07
27437;5;82;;0;30/08/2013 10:07;30/08/2013 10:07
27437;5;83;;0;30/08/2013 10:07;30/08/2013 10:07
27437;5;89;;0;30/08/2013 10:07;30/08/2013 10:07
27439;1;;;0;30/08/2013 16:36;30/08/2013 16:36
27439;2;;;0;30/08/2013 16:36;30/08/2013 16:36
27440;1;;;0;30/08/2013 16:36;30/08/2013 16:36
27440;2;;;0;30/08/2013 16:36;30/08/2013 16:36
27447;7;;;0;30/08/2013 17:32;30/08/2013 17:32
27460;1;;;0;02/09/2013 16:08;02/09/2013 16:08
27466;1;;;0;02/09/2013 16:09;02/09/2013 16:09
27462;1;;;0;02/09/2013 16:09;02/09/2013 16:09
27461;4;;;0;02/09/2013 16:10;02/09/2013 16:10
27465;4;;;0;02/09/2013 16:10;02/09/2013 16:10
27459;4;;;0;02/09/2013 16:10;02/09/2013 16:10
27468;4;;;0;02/09/2013 16:10;02/09/2013 16:10
27467;7;;;0;02/09/2013 16:10;02/09/2013 16:10
27464;4;;;0;02/09/2013 16:10;02/09/2013 16:10
27470;5;25;;0;03/09/2013 12:56;03/09/2013 12:56
27470;5;26;;0;03/09/2013 12:56;03/09/2013 12:56
27470;5;27;;0;03/09/2013 12:56;03/09/2013 12:56
27470;5;29;;0;03/09/2013 12:56;03/09/2013 12:56
27471;5;51;;0;03/09/2013 12:58;03/09/2013 12:58
27471;5;52;;0;03/09/2013 12:58;03/09/2013 12:58
27471;5;53;;0;03/09/2013 12:58;03/09/2013 12:58
27472;2;;;0;03/09/2013 13:32;03/09/2013 13:32
27472;5;25;;0;03/09/2013 13:32;03/09/2013 13:32
27472;5;26;;0;03/09/2013 13:32;03/09/2013 13:32
27472;5;66;;0;03/09/2013 13:32;03/09/2013 13:32
27473;7;;;0;03/09/2013 13:35;03/09/2013 13:35
27474;1;;;0;03/09/2013 14:58;03/09/2013 14:58
27474;5;50;;0;03/09/2013 14:58;03/09/2013 14:58
27474;5;52;;0;03/09/2013 14:58;03/09/2013 14:58
27474;5;53;;0;03/09/2013 14:58;03/09/2013 14:58
27474;5;64;;0;03/09/2013 14:58;03/09/2013 14:58
27475;7;;;0;03/09/2013 16:44;03/09/2013 16:44
27477;7;;;0;03/09/2013 16:45;03/09/2013 16:45
27478;7;;;0;03/09/2013 16:46;03/09/2013 16:46
27479;7;;;0;03/09/2013 16:48;03/09/2013 16:48
27481;7;;;0;03/09/2013 16:55;03/09/2013 16:55
27483;7;;;0;06/09/2013 13:07;06/09/2013 13:07
27487;2;;;0;10/09/2013 16:02;10/09/2013 16:02
27487;5;81;;0;10/09/2013 16:02;10/09/2013 16:02
27487;5;86;;0;10/09/2013 16:02;10/09/2013 16:02
27487;5;88;;0;10/09/2013 16:02;10/09/2013 16:02
27488;1;;;0;11/09/2013 14:47;11/09/2013 14:47
27488;5;64;;0;11/09/2013 14:47;11/09/2013 14:47
27488;4;;;0;11/09/2013 14:47;11/09/2013 14:47
27489;7;;;0;11/09/2013 17:10;11/09/2013 17:10
27490;7;;;0;11/09/2013 17:11;11/09/2013 17:11
27492;7;;;0;16/09/2013 10:34;16/09/2013 10:34
27493;7;;;0;16/09/2013 12:17;16/09/2013 12:17
27495;1;;;0;20/09/2013 10:17;20/09/2013 10:17
27495;5;85;;0;20/09/2013 10:17;20/09/2013 10:17
27495;5;88;;0;20/09/2013 10:17;20/09/2013 10:17
27495;5;92;;0;20/09/2013 10:17;20/09/2013 10:17
27495;5;93;;0;20/09/2013 10:17;20/09/2013 10:17
27496;5;82;;0;20/09/2013 16:55;20/09/2013 16:55
27496;5;83;;0;20/09/2013 16:55;20/09/2013 16:55
27496;5;84;;0;20/09/2013 16:55;20/09/2013 16:55
27500;2;;;0;16/10/2013 16:04;16/10/2013 16:04
27500;5;81;;0;16/10/2013 16:04;16/10/2013 16:04
15914;1;;;0;30/10/2013 12:22;30/10/2013 12:22
27502;1;;;0;31/10/2013 12:16;31/10/2013 12:16
27521;1;;;0;12/11/2013 13:08;12/11/2013 13:08
27522;5;82;;0;12/11/2013 13:19;12/11/2013 13:19
27522;5;83;;0;12/11/2013 13:19;12/11/2013 13:19
27523;3;;;0;12/11/2013 13:22;12/11/2013 13:22
27526;7;;;0;13/11/2013 16:45;13/11/2013 16:45
27184;1;;;0;15/11/2013 12:46;15/11/2013 12:46
27527;3;;;0;15/11/2013 15:43;15/11/2013 15:43
27529;3;;;0;15/11/2013 16:51;15/11/2013 16:51
27529;5;81;;0;15/11/2013 16:51;15/11/2013 16:51
27529;5;82;;0;15/11/2013 16:51;15/11/2013 16:51
27529;5;83;;0;15/11/2013 16:51;15/11/2013 16:51
27529;5;85;;0;15/11/2013 16:51;15/11/2013 16:51
27529;5;87;;0;15/11/2013 16:51;15/11/2013 16:51
27564;7;;;0;04/12/2013 16:40;04/12/2013 16:40
27565;7;;;0;04/02/2014 15:39;04/02/2014 15:39
27586;7;;;0;09/06/2014 18:24;09/06/2014 18:24
27588;7;;;0;16/06/2014 13:52;16/06/2014 13:52
27612;1;;;0;31/07/2014 10:28;31/07/2014 10:28
27612;5;25;;0;31/07/2014 10:28;31/07/2014 10:28
27612;5;26;;0;31/07/2014 10:28;31/07/2014 10:28
27612;5;27;;0;31/07/2014 10:28;31/07/2014 10:28
27617;7;;;0;31/07/2014 12:13;31/07/2014 12:13
27620;5;25;;0;01/08/2014 11:05;01/08/2014 11:05
27621;7;;;0;01/08/2014 11:06;01/08/2014 11:06
27622;4;;;0;01/08/2014 16:23;01/08/2014 16:23
27623;7;;;0;02/08/2014 11:45;02/08/2014 11:45
27625;7;;;0;02/08/2014 13:09;02/08/2014 13:09
27626;7;;;0;02/08/2014 14:08;02/08/2014 14:08
27627;3;;;0;02/08/2014 14:09;02/08/2014 14:09
27627;4;;;0;02/08/2014 14:09;02/08/2014 14:09
27629;7;;;0;02/08/2014 14:31;02/08/2014 14:31
27637;7;;;0;04/08/2014 12:01;04/08/2014 12:01
27639;5;80;;0;06/08/2014 11:25;06/08/2014 11:25
27639;5;81;;0;06/08/2014 11:25;06/08/2014 11:25
27639;5;82;;0;06/08/2014 11:25;06/08/2014 11:25
27641;7;;;0;06/08/2014 12:24;06/08/2014 12:24
27643;7;;;0;06/08/2014 12:49;06/08/2014 12:49
27646;7;;;0;06/08/2014 13:17;06/08/2014 13:17
27651;7;;;0;06/08/2014 15:23;06/08/2014 15:23
27652;7;;;0;06/08/2014 15:42;06/08/2014 15:42
27660;7;;;0;08/08/2014 10:15;08/08/2014 10:15
27661;7;;;0;11/08/2014 10:13;11/08/2014 10:13
27664;7;;;0;11/08/2014 10:59;11/08/2014 10:59
27665;7;;;0;11/08/2014 11:26;11/08/2014 11:26
27666;5;25;;0;11/08/2014 11:42;11/08/2014 11:42
27667;7;;;0;11/08/2014 11:43;11/08/2014 11:43
27668;4;;;0;11/08/2014 11:44;11/08/2014 11:44
27669;1;;;0;11/08/2014 12:02;11/08/2014 12:02
27670;7;;;0;11/08/2014 12:03;11/08/2014 12:03
27678;7;;;0;12/08/2014 10:20;12/08/2014 10:20
27681;7;;;0;14/08/2014 09:54;14/08/2014 09:54
27684;3;;;0;29/08/2014 11:20;29/08/2014 11:20
27684;4;;;0;29/08/2014 11:20;29/08/2014 11:20
27685;5;51;;0;29/08/2014 11:22;29/08/2014 11:22
27685;5;52;;0;29/08/2014 11:22;29/08/2014 11:22
27685;5;53;;0;29/08/2014 11:22;29/08/2014 11:22
27686;7;;;0;29/08/2014 12:21;29/08/2014 12:21
27688;7;;;0;29/08/2014 13:09;29/08/2014 13:09
27689;7;;;0;29/08/2014 13:19;29/08/2014 13:19
27690;7;;;0;29/08/2014 14:03;29/08/2014 14:03
27693;7;;;0;29/08/2014 15:14;29/08/2014 15:14
27695;7;;;0;29/08/2014 15:58;29/08/2014 15:58
27696;7;;;0;29/08/2014 16:47;29/08/2014 16:47
27698;7;;;0;11/09/2014 16:16;11/09/2014 16:16
27814;7;;;0;15/04/2015 15:36;15/04/2015 15:36
27734;5;25;;0;16/09/2014 14:15;16/09/2014 14:15
27734;5;26;;0;16/09/2014 14:15;16/09/2014 14:15
27734;5;80;;0;16/09/2014 14:15;16/09/2014 14:15
27734;5;98;;0;16/09/2014 14:15;16/09/2014 14:15
27497;7;;;0;18/09/2014 09:38;18/09/2014 09:38
27738;7;;;0;24/09/2014 21:53;24/09/2014 21:53
27771;7;;;0;06/10/2014 10:51;06/10/2014 10:51
27774;5;80;;0;08/10/2014 13:41;08/10/2014 13:41
27775;7;;;0;08/10/2014 21:43;08/10/2014 21:43
27776;7;;;0;10/10/2014 11:23;10/10/2014 11:23
27778;7;;;0;11/11/2014 11:53;11/11/2014 11:53
27781;7;;;0;24/11/2014 12:03;24/11/2014 12:03
27782;3;;;0;17/12/2014 11:15;17/12/2014 11:15
27784;5;61;;0;17/12/2014 11:48;17/12/2014 11:48
27785;7;;;0;17/12/2014 11:56;17/12/2014 11:56
27786;7;;;0;17/12/2014 11:57;17/12/2014 11:57
27788;7;;;0;02/01/2015 12:22;02/01/2015 12:22
27790;7;;;0;20/01/2015 11:28;20/01/2015 11:28
27791;7;;;0;20/01/2015 12:14;20/01/2015 12:14
27799;7;;;0;01/04/2015 17:05;01/04/2015 17:05
27800;7;;;0;07/04/2015 11:30;07/04/2015 11:30
27777;7;;;0;07/04/2015 14:16;07/04/2015 14:16
27801;7;;;0;07/04/2015 17:40;07/04/2015 17:40
27807;7;;;0;10/04/2015 18:01;10/04/2015 18:01
27809;7;;;0;14/04/2015 11:20;14/04/2015 11:20
27819;7;;;0;13/05/2015 10:30;13/05/2015 10:30
27820;7;;;0;15/05/2015 10:52;15/05/2015 10:52
27822;7;;;0;19/05/2015 15:25;19/05/2015 15:25
27823;7;;;0;19/05/2015 16:13;19/05/2015 16:13
27867;7;;;0;10/07/2015 13:58;10/07/2015 13:58
27868;7;;;0;10/07/2015 16:17;10/07/2015 16:17
27869;7;;;0;13/07/2015 15:08;13/07/2015 15:08
27870;3;;;0;13/07/2015 15:12;13/07/2015 15:12
27871;5;64;;0;13/07/2015 15:20;13/07/2015 15:20
27872;5;50;;0;13/07/2015 16:13;13/07/2015 16:13
27875;7;;;0;17/07/2015 11:58;17/07/2015 11:58
27877;7;;;0;24/07/2015 14:17;24/07/2015 14:17
27879;7;;;0;27/07/2015 14:28;27/07/2015 14:28
27882;7;;;0;03/08/2015 11:45;03/08/2015 11:45
27883;7;;;0;03/08/2015 15:24;03/08/2015 15:24
27886;7;;;0;10/08/2015 11:08;10/08/2015 11:08
27887;7;;;0;10/08/2015 11:22;10/08/2015 11:22
27888;7;;;0;10/08/2015 11:34;10/08/2015 11:34
27891;7;;;0;20/08/2015 14:20;20/08/2015 14:20
27899;7;;;0;31/08/2015 17:20;31/08/2015 17:20
27900;7;;;0;31/08/2015 17:20;31/08/2015 17:20
27901;7;;;0;31/08/2015 17:21;31/08/2015 17:21
27902;7;;;0;31/08/2015 17:23;31/08/2015 17:23
27903;7;;;0;31/08/2015 17:23;31/08/2015 17:23
27906;7;;;0;03/09/2015 11:14;03/09/2015 11:14
27910;7;;;0;09/09/2015 10:34;09/09/2015 10:34
27911;7;;;0;09/09/2015 10:42;09/09/2015 10:42
27912;7;;;0;09/09/2015 10:42;09/09/2015 10:42
26799;7;;;0;09/09/2015 12:12;09/09/2015 12:12
8946;7;;;0;09/09/2015 12:34;09/09/2015 12:34
27922;7;;;0;24/09/2015 15:40;24/09/2015 15:40
27925;7;;;0;24/09/2015 16:22;24/09/2015 16:22
27927;7;;;0;25/09/2015 18:34;25/09/2015 18:34
27963;7;;;0;06/10/2015 11:01;06/10/2015 11:01
27964;7;;;0;09/10/2015 14:30;09/10/2015 14:30
27998;7;;;0;14/10/2015 16:21;14/10/2015 16:21
27999;7;;;0;15/10/2015 13:26;15/10/2015 13:26
28000;7;;;0;19/10/2015 11:25;19/10/2015 11:25
28001;7;;;0;19/10/2015 15:47;19/10/2015 15:47
27913;7;;;0;19/11/2015 12:39;19/11/2015 12:39
28081;7;;;0;17/02/2016 23:01;17/02/2016 23:01
28082;7;;;0;19/02/2016 10:51;19/02/2016 10:51
28085;7;;;0;19/04/2016 13:54;19/04/2016 13:54
28097;1;;;0;31/05/2016 11:28;31/05/2016 11:28
28097;5;65;;0;31/05/2016 11:28;31/05/2016 11:28
28098;5;65;;0;31/05/2016 11:35;31/05/2016 11:35
28099;7;;;0;31/05/2016 11:37;31/05/2016 11:37
28100;7;;;0;31/05/2016 11:58;31/05/2016 11:58
28101;1;;;0;31/05/2016 12:00;31/05/2016 12:00
28101;5;65;;0;31/05/2016 12:00;31/05/2016 12:00
28102;5;65;;0;31/05/2016 12:01;31/05/2016 12:01
28229;5;65;;0;01/09/2016 11:18;01/09/2016 11:18
28078;1;;;0;06/09/2016 15:34;06/09/2016 15:34
28078;3;;;0;06/09/2016 15:34;06/09/2016 15:34
28078;5;98;;0;06/09/2016 15:34;06/09/2016 15:34
28232;5;25;;0;07/09/2016 15:27;07/09/2016 15:27
28233;5;25;;0;07/09/2016 15:29;07/09/2016 15:29
28233;5;26;;0;07/09/2016 15:29;07/09/2016 15:29
28233;5;27;;0;07/09/2016 15:29;07/09/2016 15:29
28234;5;80;;0;07/09/2016 15:30;07/09/2016 15:30
28234;5;81;;0;07/09/2016 15:30;07/09/2016 15:30
28235;5;65;;0;08/09/2016 10:17;08/09/2016 10:17
28237;5;65;;0;08/09/2016 10:24;08/09/2016 10:24
28238;1;;;0;08/09/2016 16:15;08/09/2016 16:15
28238;3;;;0;08/09/2016 16:15;08/09/2016 16:15
28238;5;80;;0;08/09/2016 16:15;08/09/2016 16:15
28239;1;;;0;08/09/2016 16:22;08/09/2016 16:22
28239;3;;;0;08/09/2016 16:22;08/09/2016 16:22
28239;4;;;0;08/09/2016 16:22;08/09/2016 16:22
28241;5;65;;0;12/09/2016 11:08;12/09/2016 11:08
28247;5;65;;0;12/10/2016 12:24;12/10/2016 12:24
28248;7;;;0;13/10/2016 10:14;13/10/2016 10:14
28249;5;65;;0;13/10/2016 10:15;13/10/2016 10:15
28250;7;;;0;14/10/2016 14:11;14/10/2016 14:11
28251;5;65;;0;14/10/2016 14:12;14/10/2016 14:12
28252;5;65;;0;19/10/2016 10:59;19/10/2016 10:59
28253;5;65;;0;20/10/2016 12:12;20/10/2016 12:12
28293;1;;;0;16/03/2017 16:56;16/03/2017 16:56
28294;1;;;0;28/03/2017 15:16;28/03/2017 15:16
28294;4;;;0;28/03/2017 15:16;28/03/2017 15:16
28296;1;;;0;28/03/2017 15:27;28/03/2017 15:27
28297;4;;;0;29/03/2017 16:50;29/03/2017 16:50
28302;5;28;;0;29/03/2017 16:54;29/03/2017 16:54
28302;5;64;;0;29/03/2017 16:54;29/03/2017 16:54
28302;5;70;;0;29/03/2017 16:54;29/03/2017 16:54
28305;5;26;;0;30/03/2017 15:35;30/03/2017 15:35
28305;5;68;;0;30/03/2017 15:35;30/03/2017 15:35
28306;7;;;0;30/03/2017 15:37;30/03/2017 15:37
28313;7;;;0;18/04/2017 11:54;18/04/2017 11:54
28314;5;80;;0;18/04/2017 12:10;18/04/2017 12:10
28315;5;25;;0;18/04/2017 17:57;18/04/2017 17:57
28315;5;52;;0;18/04/2017 17:57;18/04/2017 17:57
28318;5;26;;0;19/04/2017 18:22;19/04/2017 18:22
28318;5;28;;0;19/04/2017 18:22;19/04/2017 18:22
28318;5;51;;0;19/04/2017 18:22;19/04/2017 18:22
28318;5;68;;0;19/04/2017 18:22;19/04/2017 18:22
28353;1;;;0;24/04/2017 14:22;24/04/2017 14:22
28356;7;;;0;26/04/2017 13:37;26/04/2017 13:37
28357;7;;;0;02/05/2017 15:36;02/05/2017 15:36
28358;7;;;0;02/05/2017 17:26;02/05/2017 17:26
28361;7;;;0;09/05/2017 11:03;09/05/2017 11:03
28362;7;;;0;09/05/2017 14:46;09/05/2017 14:46
28363;5;53;;0;09/05/2017 18:43;09/05/2017 18:43
28363;5;67;;0;09/05/2017 18:43;09/05/2017 18:43
28363;5;70;;0;09/05/2017 18:43;09/05/2017 18:43
28351;7;;;0;11/05/2017 10:58;11/05/2017 10:58
28365;7;;;0;12/05/2017 12:29;12/05/2017 12:29
28366;1;;;0;16/05/2017 16:26;16/05/2017 16:26
28360;7;;;0;18/05/2017 13:17;18/05/2017 13:17
28367;7;;;0;18/05/2017 14:13;18/05/2017 14:13
28368;7;;;0;19/05/2017 11:50;19/05/2017 11:50
28369;7;;;0;23/05/2017 15:01;23/05/2017 15:01
28370;7;;;0;23/05/2017 15:13;23/05/2017 15:13
28371;7;;;0;25/05/2017 12:58;25/05/2017 12:58
28372;7;;;0;29/05/2017 15:34;29/05/2017 15:34
28373;7;;;0;30/05/2017 10:25;30/05/2017 10:25
28374;5;28;;0;30/05/2017 10:29;30/05/2017 10:29
28374;5;70;;0;30/05/2017 10:29;30/05/2017 10:29
28375;7;;;0;30/05/2017 13:56;30/05/2017 13:56
28376;7;;;0;31/05/2017 15:55;31/05/2017 15:55
28377;7;;;0;31/05/2017 15:56;31/05/2017 15:56
28378;7;;;0;07/06/2017 18:13;07/06/2017 18:13
27772;7;;;0;09/06/2017 11:02;09/06/2017 11:02
28379;7;;;0;09/06/2017 11:37;09/06/2017 11:37
28380;7;;;0;09/06/2017 11:39;09/06/2017 11:39
28381;7;;;0;22/06/2017 11:56;22/06/2017 11:56
28382;7;;;0;22/06/2017 12:01;22/06/2017 12:01
